{
    "UserAgent": "aws-amplify-cli/2.0",
    "Version": "1.0",
    "auth": {
        "plugins": {
            "awsCognitoAuthPlugin": {
                "UserAgent": "aws-amplify-cli/0.1.0",
                "Version": "0.1.0",
                "IdentityManager": {
                    "Default": {}
                },
                "CredentialsProvider": {
                    "CognitoIdentity": {
                        "Default": {
                            "PoolId": "us-west-1:81901c79-2cda-480a-ae82-25774fdcff56",
                            "Region": "us-west-1"
                        }
                    }
                },
                "CognitoUserPool": {
                    "Default": {
                        "PoolId": "us-west-1_kPEnzqY3v",
                        "AppClientId": "3q2rs8hiou1165rdekvg4vrci9",
                        "Region": "us-west-1"
                    }
                },
                "Auth": {
                    "Default": {
                        "authenticationFlowType": "USER_SRP_AUTH",
                        "socialProviders": [],
                        "usernameAttributes": [],
                        "signupAttributes": [
                            "EMAIL"
                        ],
                        "passwordProtectionSettings": {
                            "passwordPolicyMinLength": 8,
                            "passwordPolicyCharacters": []
                        },
                        "mfaConfiguration": "OFF",
                        "mfaTypes": [
                            "SMS"
                        ],
                        "verificationMechanisms": [
                            "EMAIL"
                        ]
                    }
                }
            }
        }
    }
}