{
  "dev": {
    "awscloudformation": {
      "AuthRoleName": "amplify-android-dev-91040-authRole",
      "UnauthRoleArn": "arn:aws:iam::723562442797:role/amplify-android-dev-91040-unauthRole",
      "AuthRoleArn": "arn:aws:iam::723562442797:role/amplify-android-dev-91040-authRole",
      "Region": "us-west-1",
      "DeploymentBucketName": "amplify-android-dev-91040-deployment",
      "UnauthRoleName": "amplify-android-dev-91040-unauthRole",
      "StackName": "amplify-android-dev-91040",
      "StackId": "arn:aws:cloudformation:us-west-1:723562442797:stack/amplify-android-dev-91040/7206a1a0-32b5-11ed-b39f-06952001da9f",
      "AmplifyAppId": "d3ir8cde98msyf"
    },
    "categories": {
      "auth": {
        "android1c00df54": {}
      }
    }
  }
}