{
  "providers": {
    "awscloudformation": {
      "AuthRoleName": "amplify-android-dev-91040-authRole",
      "UnauthRoleArn": "arn:aws:iam::723562442797:role/amplify-android-dev-91040-unauthRole",
      "AuthRoleArn": "arn:aws:iam::723562442797:role/amplify-android-dev-91040-authRole",
      "Region": "us-west-1",
      "DeploymentBucketName": "amplify-android-dev-91040-deployment",
      "UnauthRoleName": "amplify-android-dev-91040-unauthRole",
      "StackName": "amplify-android-dev-91040",
      "StackId": "arn:aws:cloudformation:us-west-1:723562442797:stack/amplify-android-dev-91040/7206a1a0-32b5-11ed-b39f-06952001da9f",
      "AmplifyAppId": "d3ir8cde98msyf"
    }
  },
  "auth": {
    "android1c00df54": {
      "service": "Cognito",
      "providerPlugin": "awscloudformation",
      "dependsOn": [],
      "customAuth": false,
      "frontendAuthConfig": {
        "socialProviders": [],
        "usernameAttributes": [],
        "signupAttributes": [
          "EMAIL"
        ],
        "passwordProtectionSettings": {
          "passwordPolicyMinLength": 8,
          "passwordPolicyCharacters": []
        },
        "mfaConfiguration": "OFF",
        "mfaTypes": [
          "SMS"
        ],
        "verificationMechanisms": [
          "EMAIL"
        ]
      },
      "providerMetadata": {
        "s3TemplateURL": "https://s3.amazonaws.com/amplify-android-dev-91040-deployment/amplify-cfn-templates/auth/android1c00df54-cloudformation-template.json",
        "logicalId": "authandroid1c00df54"
      },
      "lastPushTimeStamp": "2022-09-12T16:40:57.985Z",
      "output": {
        "UserPoolId": "us-west-1_kPEnzqY3v",
        "AppClientIDWeb": "3o7gccd44h0ehqltmu3ptc3ssn",
        "AppClientID": "3q2rs8hiou1165rdekvg4vrci9",
        "IdentityPoolId": "us-west-1:81901c79-2cda-480a-ae82-25774fdcff56",
        "UserPoolArn": "arn:aws:cognito-idp:us-west-1:723562442797:userpool/us-west-1_kPEnzqY3v",
        "IdentityPoolName": "android1c00df54_identitypool_1c00df54__dev",
        "UserPoolName": "android1c00df54_userpool_1c00df54"
      },
      "lastPushDirHash": "dPGevIx1//4QZEU4XdGlxpcgxnU="
    }
  }
}